id,name,updated
1,Ticket - 1,8/3/2015
2,Ticket - 2,8/5/2015
3,Ticket - 3,8/8/2015
4,Ticket - 4,8/12/2015
5,Ticket - 5,8/17/2015
6,Ticket - 6,8/23/2015
7,Ticket - 7,8/30/2015
8,Ticket - 8,9/7/2015
9,Ticket - 9,9/16/2015
10,Ticket - 10,9/26/2015
11,Ticket - 11,10/7/2015
12,Ticket - 12,10/19/2015
13,Ticket - 13,11/1/2015
14,Ticket - 14,11/15/2015
15,Ticket - 15,11/30/2015
16,Ticket - 16,12/16/2015
17,Ticket - 17,1/2/2016
18,Ticket - 18,1/20/2016
19,Ticket - 19,2/8/2016
20,Ticket - 20,2/28/2016
21,Ticket - 21,3/20/2016
22,Ticket - 22,4/11/2016
23,Ticket - 23,5/4/2016
24,Ticket - 24,5/28/2016
25,Ticket - 25,6/22/2016